{"evaluation": {"accuracy": 0.9743589758872986, "loss": 0.10132310539484024}, "class_names": ["Benign", "Malignant", "Healthy"], "image_size": 256}